{"mean": 0.1750255007914276, "std": 0.22798528578465826}